ID,Species,latitude,longitude,trait_values,trait_unit,temps,stage,sex,citation,R_squared,B_0,E,E_stderr,T_pk,E_D,data_points_up_to_peak
PL89,Bombus vosnesenskii,37.75,-122.28333,"0.62972, 0.265802, 0.31208, 0.532803, 2.54855, 2.57903, 2.56013, 1.88164, 2.18118, 3.12765, 3.23779, 3.93182, 4.34224, 4.57851, 4.29387, 4.92297, 6.53397, 6.69154, 6.32639, 7.65326, 7.55824, 8.34624, 8.94294, 11.6577, 10.0621, 10.1091, 11.9394, 13.675, 12.948, 18.4671, 19.2229, 23.3062",Ml O2 g thorax-1 h-1,"4.41381, 7.39733, 9.87359, 9.9692, 16.3535, 18.8933, 26.4488, 27.4953, 27.6545, 26.799, 27.4023, 26.8956, 25.8486, 26.4839, 28.42, 32.3893, 26.138, 26.424, 32.3599, 26.8383, 27.8223, 28.8712, 34.904, 28.8451, 35.8265, 36.5567, 33.9249, 31.3564, 35.3234, 35.3327, 37.7784, 39.8488",adult,female (queen),Kammer and Heinrich 1974. Metabolic rates related to muscle activity in bumblebees. JEB 61:1,0.768640021,0.00066589,0.795995691,0.519513655,150,0.794637996,32
KG54,Cydia pomonella,46.601944,-120.507778,"0.581, 0.926, 1.098, 1.146, 1.296",uL CO2 mg-1 min-1,"10, 15, 20, 25, 30",larval (fifth instar),,Neven 1998. Respiratory Response of Fifth-Instar Codling Moth (Lepidoptera: Tortricidae) to Rapidly Changing Temperatures. J Econ. Entomol. 91:1,0.981465908,0.000435513,1.492993509,12.76560293,63.25023802,1.493089272,5
KG98,Limnephilus rhombicus,45.76,4.84,"226, 296, 344, 352, 354, 500, 653, 643, 946, 1046",uL O2 g dry wt-1 h-1,"3, 4, 6, 8, 10, 12, 16, 20, 22, 24",larval,,"Roux 1979. The influence of some ecological factors on the metabolism-temperature curve of the larvae of Limnephilus rhombicus (Trichoptera, Limnephilidae). Freshwater Biology 9:2",0.952581951,0.74579434,0.438572259,0.050783072,150,1.859311051,10
KG801,Glossina morsitans centralis ,12,3,"17.58, 27.34, 35.51, 43.18",VCO2 (uL h -1),"20, 24, 28, 32",pupa,female,"Terblanche and Chown 2007. The effects of temperature, body mass and feeding on metabolic rate in the tsetse fly Glossina morsitans centralis. Physiological Entomology 32:2",0.998847755,0.001636432,1.394348932,NaN,95.02496933,1.394382078,4
KT907,Paractora dreuxi,46.54,37.45,"0.44, 0.688, 1.123, 1.26, 2.255, 4.073, 0.375, 0.544, 0.739, 1.033, 2.153, 3.493",ml O2 g-1 h-1,"5, 10, 15, 20, 25, 30, 2, 5, 10, 15, 20, 25",adult,,Chown 1997. Thermal sensitivity of oxygen uptake of Diptera from sub-Antarctic South Georgia and Marion Island. Polar Biol 17:1,0.919069276,0.001098217,0.492948089,0.851216137,150,0.4863752,12
KT9071,Antrops truncipennis,46.54,37.45,"0.749, 0.767, 1.204, 1.333, 2.911, 4.137",ml O2 g-1 h-1,"2, 5, 10, 15, 20, 25",adult,,Chown 1997. Thermal sensitivity of oxygen uptake of Diptera from sub-Antarctic South Georgia and Marion Island. Polar Biol 17:1,0.949899535,0.001972507,0.519733915,0.12602785,150,1.827802952,6
GT819,Amara quensel,79,11.666667,"3.04, 3.99, 3.77, 4.06, 3.85, 5.7, 4.47, 3.9, 5.03, 9.35, 7.78, 4.95, 10.6, 15.8, 13.9, 10.4",mm^3 O2 min-1 g body weight-1,"4.2, 4.2, 4.2, 4.2, 9.2, 9.2, 9.2, 9.2, 12.6, 12.6, 12.6, 12.6, 21.5, 21.5, 21.5, 21.5",,,Stromme et al. 1986. Physiological adaptations in Coleoptera on Spitsbergen. Polar Research 4,0.828858879,0.005258069,0.189969656,26.56378245,150,0.148708217,16
GT8191,Simplocaria metallica,79,11.666667,"2.06, 5.43, 11.5, 22.4",mm^3 O2 min-1 g body weight-1,"0, 7.1, 12.4, 21",,,Stromme et al. 1986. Physiological adaptations in Coleoptera on Spitsbergen. Polar Research 4,0.997071698,0.007941102,1.018278908,NaN,116.2220625,1.018323045,4
GT81911,Rhynchaenus flagellum,79,11.666667,"3.6, 2.5, 5.5, 1.3, 23, 9.8, 11.7, 13.8, 24.3, 19.6, 18.7, 4.7, 34.2, 46, 23.3, 47.5",mm^3 O2 min-1 g body weight-1,"0, 0, 0, 0, 7.1, 8.8, 8.8, 8.8, 12.4, 14.4, 14.4, 14.4, 19.9, 19.9, 19.9, 21",,,Stromme et al. 1986. Physiological adaptations in Coleoptera on Spitsbergen. Polar Research 4,0.675770726,0.012255065,1.090823733,2.156076551,96.32365524,1.090908041,16
LG872,Lycosa carolinensis,33.448333,-112.073889,"0.18, 0.2, 0.22, 0.24, 0.27, 0.31, 0.36, 0.42, 0.49, 0.64",ml g-1 h-1,"23.5, 29, 31, 33, 35, 37, 39, 41, 43, 45",,,Moeur and Eriksen 1972. Metabolic Responses to Temperature of a Desert Spider Lycosa (Pardosa) carolinensis (Lycosidae) Physiol. Zool. 45:4,0.916614916,0.000106023,0.458168029,0.068119442,150,2.442871111,10
ET201,Extatosoma tiaratum,-25,133,"1.7967, 2.053, 2.8382, 3.046",ml h-1 mg-1,"30, 35, 40, 42",adult,female,Hill 2019. Impacts of temperature on metabolic rates of adult Extatosoma tiaratum reared on different host plant species. Physiol. Entomol. 45:1,0.971776666,0.001288567,0.354621452,NaN,150,2.254701273,4
HB27,Apis mellifera carnica,52.52,13.405,"3.2639, 5.0104, 11.6959, 16.0716",mW g-1,"20, 25, 30, 35",,,Schmolz et al. 2002. Calorimetric investigations on metabolic rates and thermoregulation of sleeping honeybees (Apis mellifera carnica). Thermochimica Acta 382 ,0.96923159,0.000625655,0.994649628,NaN,150,0.994744288,4
PRL284,Nauphoeta cinerea,-27.497222,153.013056,"0.006, 0.02, 0.029, 0.052, 0.054, 0.058",ml CO2 h-1,"15, 20, 25, 30, 35, 40",,,"Halsey et al. 2014, Oecologia 177",0.976736055,4.30E-07,1.831636306,0.780667213,71.71324079,1.831711652,6
PRL2841,Carcinus maenas,48.354,-4.5659,"1.51, 3.27, 3.7, 4.18, 4.34, 4.38, 3.54",ml CO2 h-1,"5, 10, 15, 20, 25, 30, 32.5",adult,,"Halsey et al. 2014, Oecologia 177",0.921334173,0.001724005,2.021669833,0.797398154,18.54970314,2.095042436,3
FRK198,Glossina pallidipes,-1.85,36.1,"0.0201, 0.0231, 0.0215, 0.0252, 0.0313, 0.0286, 0.027, 0.0372, 0.0372, 0.0394, 0.0442, 0.044, 0.054, 0.0616, 0.0751, 0.057",ml CO2 h-1,"20, 20, 20, 20, 24, 24, 24, 24, 28, 28, 28, 28, 32, 32, 32, 32",adult,,Terblanche et al. 2009. Directional evolution of the slope of the metabolic rate–temperature relationship is correlated with climate. Physiol. Biochem. Zool 82:5,0.893011942,1.27E-05,0.612657432,0.165002862,150,2.046339569,16
MYP283,Lithobius curtipes,35.7735,105.8149,"1.15, 3.43, 8.71, 14.23, 24.41",uW,"1, 5, 10, 12, 15",adult,,Pennington and Meehan 2007. Influence of Body Size and Environmental Temperature on Carbon Dioxide Production by Forest Centipedes from Southwestern North America. Environ. Entomol. 36:4,0.997966087,0.003482468,1.577584106,0.891029051,76.41623812,1.577645676,5
MYP2831,Lithobius mutibilis,35.7735,105.8149,"1.27, 3.3, 7.72, 11.89, 19.52",uW,"1, 5, 10, 12, 15",adult,,Pennington and Meehan 2007. Influence of Body Size and Environmental Temperature on Carbon Dioxide Production by Forest Centipedes from Southwestern North America. Environ. Entomol. 36:4,0.998374122,0.003920042,1.40390885,1.245567932,85.34820575,1.403978815,5
PHX3441,Glossina morsitans morsitans ,12,3,"0.019796966, 0.030281622, 0.042495669, 0.05502874, 0.012721407, 0.022206763, 0.030631467, 0.036391314, 0.014188204, 0.019910995, 0.026687252, 0.036811744",ml CO2 h-1,"20, 24, 28, 32, 20, 24, 28, 32, 20, 24, 28, 32",pupal,male,"Terblanche et al. 2005. Temperature-dependence of metabolic rate in Glossina morsitans morsitans (Diptera, Glossinidae) does not vary with gender age feeding pregnancy or acclimation. J. Insect Physiol. 51:8",0.730596403,2.45E-06,1.159390825,8.377314878,109.3779388,1.159463486,12
BKL5611,Hippodamia convergens,38.7,-121.283333,"0.001, 0.5155, 3.866, 5.8763, 7.1649, 9.9485, 12.4227, 15",uW mg-1,"0, 10, 15, 20, 25, 30, 35, 40",adult,,Acar et al. 2001. Use of Calorespirometry to Determine Effects of Temperature on Metabolic Efficiency of an Insect. Environ. Entomol. 30:5,0.834119522,7.80E-06,3.304312841,0.175938531,45.55372679,3.304341271,8
ETH01,Encoptolophus sordidus costalis,50.83169,-108.03737,"138.6516854, 161.1235955, 298.6516854, 482.0224719",uL O2 g-1 h-1,"10, 15, 20, 25",adult,,Bailey and Riegert 1973. Energy dynamics of Encoptolophus sordidus costalis (Scudder) (Orthoptera: Acrididae) in a grassland ecosystem. Canadian Journal of Zoology 51:1,0.986257239,0.001454387,0.096488088,NaN,150,0.001172336,4
PHXL1,Atta laevigata,-22.410833,-47.560833,"0.060869565, 0.067391304, 0.119565217, 0.223913043, 0.413043478, 0.569565217, 0.87173913",uL O2 mg wet mass-1 h-1,"5, 10, 15, 20, 25, 30, 35",adult (worker),,Beraldo and Mendes 1982. The influence of temperature on oxygen consumption rates of workers of two leaf cutting ants Atta laevigata (F. Smith 1858) and Atta sexdens rubropilosa (Forel 1908). Comparative Biochemistry and Physiology Part A: Physiology 71:3,0.988949986,0.000109052,0.64706128,0.682273465,150,0.641519042,7
PHXL11,Atta sexdens rubropilosa,-22.410833,-47.560833,"0.091718427, 0.131055901, 0.27184265, 0.340165631, 0.563768116, 0.665217391, 0.847412008",uL O2 mg wet mass-1 h-1,"5, 10, 15, 20, 25, 30, 35",adult (worker),,Beraldo and Mendes 1982. The influence of temperature on oxygen consumption rates of workers of two leaf cutting ants Atta laevigata (F. Smith 1858) and Atta sexdens rubropilosa (Forel 1908). Comparative Biochemistry and Physiology Part A: Physiology 71:3,0.990726469,0.000187062,0.717277783,0.270384912,43.12661615,0.955062043,7
PHXL12,Melanoplus sanguinipes,37.58425,-118.23649,"0.061056279, 0.07895797, 0.113602418, 0.140440648, 0.156032543",W g-1,"13.34444444, 18.78888889, 27.57777778, 31.77777778, 41.57777778",adult,,Chappel 1983. Metabolism and thermoregulation in desert and montane grasshoppers. Oecologia 56:126-131.,0.983196815,9.12E-05,0.634944867,1.289783243,150,0.635239512,5
PHXL121,Trimerotropis pallidipennis,33.633333,-116.4,"0.072654901, 0.08111461, 0.08854473, 0.097028887, 0.109870126, 0.110950203, 0.117551099, 0.116436699, 0.128612486",W g-1,"13.85826772, 15.51181102, 18.91076115, 26.62729659, 28.2808399, 30.20997375, 33.60892388, 36.9160105, 43.34645669",adult,,Chappel 1983. Metabolism and thermoregulation in desert and montane grasshoppers. Oecologia 56:126-131.,0.970151636,0.000212404,0.535033066,1.231336204,150,0.535382345,9
PHXL13,Scarabaeus gariepinus,-29.3409,17.17,"0.018, 0.0241, 0.0372, 0.0527, 0.0733",ml h-1,"16, 20, 24, 28, 32",adult,,Chown and Davis. Discontinuous gas exchange and the significance of respiratory water loss in scarabaeine beetles. JEB 206:20,0.99823373,1.36E-05,0.625501332,1.773276754,150,0.614894438,5
PHXL15,Scarabaeus galenus,-25.22623,31.46739,"0.0319, 0.0744, 0.1255, 0.1079, 0.1461",ml h-1,"16, 20, 24, 28, 32",adult,,Chown and Davis. Discontinuous gas exchange and the significance of respiratory water loss in scarabaeine beetles. JEB 206:20,0.90918744,3.50E-07,2.571994622,34.26935686,49.92570289,2.572147361,5
PHXL16,Scarabaeus rusticus,-25.35674,27.11372,"0.0368, 0.0581, 0.0906, 0.1379, 0.1807",ml h-1,"16, 20, 24, 28, 32",adult,,Chown and Davis. Discontinuous gas exchange and the significance of respiratory water loss in scarabaeine beetles. JEB 206:20,0.999999978,1.90E-05,0.809486625,0.000407649,32.09624689,5.0324347,5
PHXL17,Scarabaeus westwoodi,-29.36297,29.21191,"0.0865, 0.116, 0.1692, 0.2325, 0.3197",ml h-1,"10, 16, 20, 28, 32",adult,,Chown and Davis. Discontinuous gas exchange and the significance of respiratory water loss in scarabaeine beetles. JEB 206:20,0.983942731,0.000162653,0.410396951,0.123821896,150,1.957384938,5
PHXL19,Scarabaeus hippocrates,-29.424,17.0651,"0.02, 0.0293, 0.043, 0.0535",ml g-1 h-1,"20, 24, 28, 32",adult (flightless),,Davis et al. 2000. A comparative analysis of metabolic rate in six Scarabaeus species (Coleoptera: Scarabaeidae) from southern Africa: further caveats when inferring adaptation,0.994743927,5.72E-06,0.930985417,NaN,150,0.931032142,4
PHXL21,Helius waitei,-23.836944,138.256194,"0.14, 0.24, 0.29, 0.31, 0.48",ml CO2 h-1,"20, 25, 30, 35, 40",adult,,Duncan and Dickman 2001. Respiratory patterns and metabolism in tenebrionid and carabid beetles from the Simpson Desert Australia. Oecologia 129:4,0.911350848,8.39E-05,0.713151711,5.217554261,150,0.713546836,5
PHXL22,Pterohelaeus spp.,-23.836944,138.256194,"0.028, 0.069, 0.063, 0.114, 0.12",ml CO2 h-1,"20, 25, 30, 35, 40",adult,,Duncan and Dickman 2001. Respiratory patterns and metabolism in tenebrionid and carabid beetles from the Simpson Desert Australia. Oecologia 129:4,0.88450702,2.82E-06,1.337872711,2.459757271,98.41773615,1.337929845,5
PHXL23,Cerotalis spp.,-23.836944,138.256194,"0.046, 0.068, 0.07, 0.082, 0.117",ml CO2 h-1,"20, 25, 30, 35, 40",adult,,Duncan and Dickman 2001. Respiratory patterns and metabolism in tenebrionid and carabid beetles from the Simpson Desert Australia. Oecologia 129:4,0.924093513,6.92E-05,0.298707389,0.201197941,150,2.19002311,5
PHXL24,Carenum spp.,-23.836944,138.256194,"0.271, 0.348, 0.51, 0.592",ml CO2 h-1,"20, 25, 30, 35",adult,,Duncan and Dickman 2001. Respiratory patterns and metabolism in tenebrionid and carabid beetles from the Simpson Desert Australia. Oecologia 129:4,0.979833195,0.000188292,0.638414548,NaN,150,0.639256981,4
PHXL25,Solenopsis invicta,NA,NA,"0.0486618, 0.321167883, 0.554744526, 0.759124088, 1.109489051, 1.498783455",uL O2 mg wet mass-1 h-1,"15, 20, 25, 30, 35, 40",adult,female,Elzen 1986. Oxygen consumption and water loss in the imported fire ant Solenopsis invicta buren. Comparative Biochemistry and Physiology Part A: Physiology 84:1,0.907601313,1.94E-06,2.139951466,0.356189512,70.8647728,2.139983733,6
TS1,Hydromedion sparsutum,-54.179,-36.711,"119.62, 288.47, 339.92, 506.2",mm^3 g-1 h-1,"5, 10, 15, 20",adult,,"Somme et al. 1989. Respiratory metabolism of Hydromedion sparsutum and Perimylops antarcticus (Col, Perimylopidae) from South Georgia. Polar Biology. 10",0.937387348,0.176904095,1.581754853,NaN,66.19335881,1.58178702,4
TS3,Orchelimum fidicinium,31.4775,-81.2417,"1.67, 1.54, 2.52, 2.87",ml g-1 h-1,"15, 21.8, 25.8, 30",,,Smalley 1960. Energy flow of a salt marsh grasshopper population. Ecology 41:4,0.773202971,0.002829178,0.274484614,NaN,150,1.904243685,4
TS6,Pogonomyrmex occidentalis,40.8,-104.7,"1.33, 0.26, 1.7, 2.66, 3.89, 2.53, 4.19, 2.98, 3.48, 3.09, 3.68, 4.06, 6.98, 9.66, 9.46, 6.49, 6.78, 6.97, 9.23, 2.8, 0.88",uL ant-1 h-1,"6.9, 11.77, 12.87, 14.6, 14.91, 17.16, 17.16, 19.4, 20.6, 21.08, 22.64, 26.53, 31.7, 31.76, 33.52, 33.73, 37.8, 39.65, 12.93, 7.31, 6",adult,female,Rogers et al. 1972. Bioenergetics of the Western Harvester Ant in the Shortgrass Plains Ecosystem. Environmental Entomology. 1:6,0.492760921,0.002624374,0.665393192,1.754747013,150,0.665809537,21
TS7,Glossina morsitans orientalis,-16.5,28.8,"2.95, 4.76, 8.04, 11.32, 22.51, 36.9, 50.47, 61.16, 71.45",uL O2 teneral-1 h-1,"5, 10, 15, 20, 25, 30, 35, 40, 41",teneral,,Rajagopal and Bursell. 1965. The Respiratory Metabolism of Resting Tsetse flies. Journal of Insect Physiology. 12:3,0.990186485,0.005886156,0.703865161,0.04459742,41.93392716,2.246344353,9
TS9,Anurogryllus arboreus,29.7,-82.4,"64, 197, 236, 378, 486",uL O2 g-1 h-1,"10, 15, 20, 25, 30",adult,male,Prestwich and Walker. 1981. Energetics of singing in crickets: Effect of temperature in three trilling species (Orthoptera: Gryllidae). Journal of comparative physiology. 143,0.952372553,0.029150772,1.523104973,3.331325564,75.60356315,1.523173351,5
TS9b,Oecanthus celerinictus,29.7,-82.4,"89, 176, 311, 558, 932, 1669",uL O2 g-1 h-1,"10, 15, 20, 25, 30, 35",adult,male,Prestwich and Walker. 1981. Energetics of singing in crickets: Effect of temperature in three trilling species (Orthoptera: Gryllidae). Journal of comparative physiology. 143,0.998971969,0.089542241,0.854619683,0.160350106,150,0.858091179,6
TS9c,Oecanthus quadripunctatus,29.7,-82.4,"103, 222, 358, 586, 947, 1461",uL O2 g-1 h-1,"5, 15, 20, 25, 30, 35",adult,male,Prestwich and Walker. 1981. Energetics of singing in crickets: Effect of temperature in three trilling species (Orthoptera: Gryllidae). Journal of comparative physiology. 143,0.996759376,0.22749556,0.53509874,0.306775497,150,0.528867268,6
TS11d,Pogonomyrmex maricopa,32.2,-110.9,"0.08, 0.33, 1.68, 3.16",uL O2 mg dry wt-1 h-1,"5, 15, 25, 35",adult (worker),female,Nielsen. 1986. Respiratory rates of ants from different climatic areas. Journal of Insect Physiology. 32:2,0.981722437,0.000121925,1.108836087,NaN,130.0252109,1.108879333,4
TS11e,Aphaenogaster cockerelli,32.2,-110.9,"0.1, 0.63, 3.1, 4.19",uL O2 mg dry wt-1 h-1,"5, 15, 25, 35",adult (worker),female,Nielsen. 1986. Respiratory rates of ants from different climatic areas. Journal of Insect Physiology. 32:2,1,0.000138392,1.250221318,NaN,31.23532328,2.465345711,3
TS11f,Camponotus vafer,32.2,-110.9,"0.14, 0.73, 2.31, 2.99",uL O2 mg dry wt-1 h-1,"5, 15, 25, 35",adult (worker),female,Nielsen. 1986. Respiratory rates of ants from different climatic areas. Journal of Insect Physiology. 32:2,1,0.000207908,1.171060813,NaN,32.65655678,1.528101644,3
TS12,Hophlosphyrum griseus,-33.4,-70.5,"3.99, 4.21, 3.95, 3.61, 3.95, 3.95, 3.54, 3.43, 3.86, 4.38, 3.99, 3.56, 4.4, 3.89, 3.41, 2.89, 3.69, 3.35, 3.3, 3.82, 4.04, 3.86, 3.09, 2.53, 3.43, 3.3, 3.41, 2.83, 2.83, 3.56, 3.17, 2.7, 3.56, 3.99, 3.5, 3.11, 3.48, 2.94, 2.89, 3.22, 3.17, 3.35, 3.35, 3.35, 3.43, 2.44, 2.31, 2.09, 2.27, 2.48, 2.7, 3, 3.09, 3.65, 1.92, 2.87, 3, 2.09, 2.33, 2.31, 2.31, 2.22, 2.05, 2.18, 1.81, 1.79, 1.99, 1.53, 15.63, 12.89, 12.37, 13.47, 14.38, 15.18, 16.26, 16.78, 16.88, 11.68, 11.29, 10.52, 10.6, 9.05, 9.57, 9.89, 12.93, 14.44, 15.11, 12.29, 12.37, 12.67, 13.86, 13.02, 12.72, 12.31, 11.98, 11.53, 11.27, 11.18, 10.86, 10.15, 10.08, 10.54, 12.03, 12.37, 12.54, 13.95, 8.18, 8.01, 8.87, 9.61, 10.43, 11.14, 10.75, 9.61, 9.74, 11.01, 8.74, 8.44, 7.99, 7, 6.97, 6.37, 7.51, 8.16, 8.44, 9.09, 9.33, 8.7, 8.33, 8.2, 7.41, 6.54, 6, 5.85, 6.33, 10.21, 10.04, 10.19, 10.99, 11.47, 11.08, 11.03, 10.47, 9.82, 10.26, 9.61, 9.26, 8.79, 8.2, 8.77, 8.59, 8.72, 7.62, 7.02, 5.66, 14.38, 9.98, 10.08, 9.74, 8.74, 9.09, 8.57, 7.54, 7, 6.69, 6.15, 6.52, 6.07, 6.84, 6.74, 6.56, 5.42, 4.94, 4.38, 4.73, 5.81, 5.18, 6.33, 6.48, 7.75, 7.17, 7.69, 7.1, 7.04, 7.62, 7.45, 7.1, 6.37, 6.2, 5.61, 5.16, 5.25, 4.77, 4.94, 6.37, 6.52, 6.52, 5.85, 5.96, 5.81, 5.25, 4.58, 4.08, 4.97, 3.37, 3.41, 7.95, 10.59, 12.65, 13, 7.61, 12.97, 17.57, 8.63, 9.78, 15.52, 17.79, 18.82, 13.15, 20.77, 14.74, 17.64, 20.29, 23.11, 18.31, 21.5, 11.94, 14.72, 12.59, 14.35, 15.96, 13.03, 24.74, 15.16, 26.79, 18.67, 22.03, 20.57, 25.04, 22.02, 27.62, 24.96, 19.78, 22.51, 18.71, 23.43, 23.79, 25.82, 24.92, 30.57, 19.8, 15.35, 15.33, 13.54, 10.77, 10.77, 10.77, 10.84, 4.86, 5.42, 5.29, 7.36, 7.84, 7.64, 10.39, 11.08, 10.82, 24.42, 23.77, 22.52, 21.48, 30.81, 29.73, 30.47, 22.82, 13.37",uL h-1,"7, 7, 7, 7, 7, 7, 7, 7, 7, 7, 7, 7, 7, 7, 7, 7, 7, 7, 7, 7, 7, 7, 7, 7, 7, 7, 7, 7, 7, 7, 7, 7, 7, 7, 7, 7, 7, 7, 7, 7, 7, 7, 7, 7, 7, 7, 7, 7, 7, 7, 7, 7, 7, 7, 7, 7, 7, 7, 7, 7, 7, 7, 7, 7, 7, 7, 7, 17, 17, 17, 17, 17, 17, 17, 17, 17, 17, 17, 17, 17, 17, 17, 17, 17, 17, 17, 17, 17, 17, 17, 17, 17, 17, 17, 17, 17, 17, 17, 17, 17, 17, 17, 17, 17, 17, 17, 17, 17, 17, 17, 17, 17, 17, 17, 17, 17, 17, 17, 17, 17, 17, 17, 17, 17, 17, 17, 17, 17, 17, 17, 17, 17, 17, 17, 17, 17, 17, 17, 17, 17, 17, 17, 17, 17, 17, 17, 17, 17, 17, 17, 17, 17, 17, 17, 17, 17, 17, 17, 17, 17, 17, 17, 17, 17, 17, 17, 17, 17, 17, 17, 17, 17, 17, 17, 17, 17, 17, 17, 17, 17, 17, 17, 17, 17, 17, 17, 17, 17, 17, 17, 17, 17, 17, 17, 17, 17, 17, 17, 17, 17, 17, 17, 17, 17, 17, 27, 27, 27, 27, 27, 27, 27, 27, 27, 27, 27, 27, 27, 27, 27, 27, 27, 27, 27, 27, 27, 27, 27, 27, 27, 27, 27, 27, 27, 27, 27, 27, 27, 27, 27, 27, 27, 27, 27, 27, 27, 27, 27, 27, 27, 27, 27, 27, 27, 27, 27, 27, 27, 27, 27, 27, 27, 27, 27, 27, 27, 27, 27, 27, 27, 27, 27, 27, 27, 27, 5",,,"Nespolo et al. 2003. Intrapopulational variation in the standard metabolic rate of insects: repeatability, thermal dependence and sensitivity (Q10) of oxygen consumption in a cricket. Journal of Experimental Biology. 206.",0.560136089,0.005297848,0.856565787,4.691078676,150,0.856598664,276
TS13,Pleocoma australis,33.8,-116.7,"0.05, 0.06, 0.06, 0.06, 0.07, 0.07, 0.06, 0.06, 0.07, 0.07, 0.07, 0.08, 0.08, 0.09, 0.09, 0.09, 0.09, 0.1, 0.1, 0.11, 0.12, 0.12, 0.13, 0.11, 0.1, 0.1, 0.13, 0.13, 0.14, 0.15, 0.15, 0.21, 0.22, 0.21, 0.22, 0.24, 0.26, 0.29, 0.32, 0.34, 0.27, 0.3, 0.29, 0.32, 0.31, 0.49, 0.53, 0.49, 0.53, 0.56, 0.6, 0.67, 0.71, 0.64, 0.7, 0.77, 0.53, 0.56, 0.63, 0.68",mL g-1 h-1,"5, 5, 5, 5, 5, 5, 5, 5, 5, 5, 5, 5, 5, 5, 5, 5, 5, 5, 5, 5, 5, 5, 5, 5, 5, 5, 5, 5, 5, 5, 15, 15, 15, 15, 15, 15, 15, 15, 15, 15, 15, 15, 15, 15, 25, 25, 25, 25, 25, 25, 25, 25, 25, 25, 25, 25, 25, 25, 25, 10",adult,male,Morgan. 1987. Temperature Regulation Energy Metabolism and Mate-Searching in Rain Beetles (Pleocoma†Spp.) Winter-Active Endothermic Scarabs (Coleoptera). Experimental Biology. 128:1.,0.817055749,0.000177591,0.924353735,3.745589741,122.2857321,0.924439848,60
TS15,Bootettix punctatus,36.95,-116.05,"370, 1040, 2270, 3670",uL O2 g dry wt-1 h-1,"10, 20, 30, 40",adult,female,Mispagel. 1978. The Ecology and Bioenergetics of the Acridid Grasshopper Bootettix Punctatus on Creosotebush Larrea Tridentata in the Northern Mojave Desert. Ecology. 59:4.,1,0.413524242,0.811671409,NaN,69.77388567,0.840443889,4
TS16d,Pachydiplax longipennis,30,-82,"0.048, 0.079, 0.14, 0.18, 0.27, 0.43",mL h-1,"15, 20, 25, 30, 35, 40",adult,male,May. 1978. Energy metabolism of dragonflies (Odonata: Anisoptera) at rest and during endothermic warm up. J. exp. Biol. 83.,0.991176653,3.85E-05,0.684961168,0.723955555,150,0.689466498,6
TS17,Trimrrotropis suffusa,38.9,-107,"481.2, 1262.5, 1959.2, 2468.7, 393, 949.9, 1534, 1958.5",uL O2 g-1 h-1,"25, 30, 35.5, 40, 25, 30, 35.5, 40",,male,Massion. 1983. An altitudinal comparison of water and metabolic relations in two acridid grasshoppers (Orthoptera). Comp Biochem Physiol. 74A:1,0.924639446,0.001439836,2.005767452,0.533240686,81.7020748,2.005799081,8
TS18,Cystosoma saundersii,-31.4,152.9,"101, 177, 277, 359",uL O2 g wet wt-1 h-1,"10, 15, 20, 25",adult,female,Mac Nally and Doolan. 1982. Comparative Reproductive Energetics of the Sexes in the Cicada Cystosoma saundersii. Oikos. 39:2,1,0.102742516,0.852432901,NaN,27.66612239,1.504479683,4
TS19,Camponotus fulvopilosus,-32.3,18.3,"0.09, 0.15, 0.19, 0.22, 0.3, 0.44, 0.81",mL g-1 h-1,"10, 15, 20, 25, 30, 35, 40",adult (worker),female,Lighton. 1989. Individual and Whole-Colony Respiration in an African Formicine Ant. Functional Ecology. 3:5.,0.912478335,0.000157478,0.474979676,0.095955566,150,2.252168676,7
TS21a,Canonopsis sericeus,-53.1,73.5,"3.311, 5.274, 8.595, 13.036",uL h-1,"0, 5, 10, 15",adult,,Klok and Chown. 2005. Temperature and body mass related variation in cyclic gas exchange characteristics and metabolic rate of seven weevil species: Broader implications. Journal of Insect Physiology. 51.,0.99983965,0.012043091,0.611634659,NaN,14.956758,24.53674098,3
TS21b,Palirhoeus eatoni,-46.88,37.75,"0.515, 0.565, 0.931, 1.811",uL h-1,"0, 5, 10, 15",adult,,Klok and Chown. 2005. Temperature and body mass related variation in cyclic gas exchange characteristics and metabolic rate of seven weevil species: Broader implications. Journal of Insect Physiology. 51.,0.985598162,3.77E-06,0.085343175,NaN,150,0.000692826,4
TS21c,Bothrometopus randi,-46.88,37.75,"0.899, 1.657, 2.519, 3.804",uL h-1,"0, 5, 10, 15",adult,,Klok and Chown. 2005. Temperature and body mass related variation in cyclic gas exchange characteristics and metabolic rate of seven weevil species: Broader implications. Journal of Insect Physiology. 51.,0.99790676,0.003819604,0.877997456,NaN,116.5638247,0.878081529,4
TS21f,Ectemnorhinus marioni,-46.88,37.75,"0.518, 0.889, 1.431, 2.029",uL h-1,"0, 5, 10, 15",adult,,Klok and Chown. 2005. Temperature and body mass related variation in cyclic gas exchange characteristics and metabolic rate of seven weevil species: Broader implications. Journal of Insect Physiology. 51.,1,0.001916329,0.713782039,NaN,19.66440233,1.543700544,4
TS21g,Ectemnorhinus similis,-46.88,37.75,"0.694, 1.088, 1.685, 2.417",uL h-1,"0, 5, 10, 15",adult,,Klok and Chown. 2005. Temperature and body mass related variation in cyclic gas exchange characteristics and metabolic rate of seven weevil species: Broader implications. Journal of Insect Physiology. 51.,0.999998433,0.002539306,0.567205605,NaN,14.7217705,26.24508448,3
TS24f,Formica pratensis,NA,NA,"0.29, 0.32, 1.1, 1.41, 2.33, 4.16",uL O2 mg dry wt-1 h-1,"5, 10, 15, 20, 25, 30",adult (worker),female,Jensen and Nielsen. 1975. The influence of body size and temperature on worker ant respiration. Natura Jutlandica. 18.,0.988767856,0.000494268,0.796054362,0.811442609,62.67960742,1.110844068,6
TS25,Neophilaenus lineatus,50.65,-3.36,"0.628, 1.103, 1.84, 2.535",mm^3 O2 mg-1 h-1,"10, 15, 20, 25",adult,female,Hinton. 1971. Energy Flow in a Natural Population of Neophilaenus lineatus (Homoptera). Oikos. 22:2.,1,0.000693327,0.775596808,NaN,25.76928409,2.783465765,4
TS28,Diceroprocta apache,33.4,-111.9,"0.57, 0.76, 0.91, 1.07, 1.18, 1.27",mL g-1 h-1,"30, 33, 36, 38, 40, 42.1",,,Hadley et al. 1991. Evaporative Cooling in the Desert Cicada: Thermal Efficiency and Water/Metabolic Costs. J. Exp. Biol. 159:1.,0.997090503,4.69E-05,0.921143865,0.787115087,49.30175699,1.213856853,6
TS30,Xenopsylla ramesis,NA,NA,"0.00038, 0.00079, 0.00061, 0.00106, 0.00187",mL CO2 h-1 mg-1,"5, 15, 20, 25, 30",adult (fed),female,Fielden et al. 2004. Respiratory gas exchange in the desert flea Xenopsylla ramesis (Siphonaptera: Pulicidae): response to temperature and blood feeding. Comp. Biochem. Physiol. 137:3.,0.826486082,9.67E-07,0.38907,0.237067565,150,1.891080122,5
TS31b,Pogonomyrmex rugosus,32.3,-106.8,"0.17, 0.35, 0.97, 2.8, 0.21, 0.44, 0.62, 1.02, 3.4, 0.22, 0.4, 0.63, 1.08, 3.53, 0.24, 0.46, 0.8, 1.92, 4.89",uL mg-1 hr-1,"5, 15, 35, 45, 5, 15, 25, 35, 45, 5, 15, 25, 35, 45, 5, 15, 25, 35, 45",adult (worker),female,Ettershank and Whitford. 1973. Oxygen consumption of two species of Pogonomyrmex harvester ants (Hymenoptera: Formicidae). Comp. Biochem. Physiol. 46:3.,0.817923862,0.000471394,0.487265603,0.076805881,150,2.305796728,19
TS10,Messor capitatus,43.517,13.617,"0.74, 2.3, 2.92, 7.75, 9.69",uL O2 hr-1,"10, 20, 25, 30, 40",adult (worker),female,Nielsen and Baroni Urbani. 1990. Energetics and foraging behaviour of the European seed harvesting ant Messor capitatus I. Respiratory metabolism and energy consumption of unloaded and loaded workers during locomotion. Physiological Entomology. 15.,0.910655578,0.000697981,0.888714102,1.509267874,150,0.888819958,5
LK298,Alphitobius diaperinus,52.366667,4.883333,"180.2, 211.8, 295.7, 499.6, 766, 912.7",VO2 (uL O2 gram-1 hour-1),"17, 20, 25, 30, 33, 38",larval,,Bjørge et al. 2018. Role of temperature on growth and metabolic rate in the tenebrionid beetles Alphitobius diaperinus and Tenebrio molitor. J. Insect Physiol. 107,0.958259648,0.128567949,0.598233005,2.467036709,150,0.574102475,6